success,failure,stuck,success_percent,failure_percent
1,0,0,1.0,0.0
1,0,1,0.5,0.5
1,0,2,0.3333,0.6667
2,0,2,0.5,0.5
2,0,3,0.4,0.6
3,0,3,0.5,0.5
3,1,3,0.4286,0.5714
3,2,3,0.375,0.625
3,3,3,0.3333,0.6667
4,3,3,0.4,0.6
5,3,3,0.4545,0.5455
5,4,3,0.4167,0.5833
5,5,3,0.3846,0.6154
5,5,4,0.3571,0.6429
6,5,4,0.4,0.6
7,5,4,0.4375,0.5625
7,5,5,0.4118,0.5882
7,6,5,0.3889,0.6111
8,6,5,0.4211,0.5789
8,6,6,0.4,0.6
8,7,6,0.381,0.619
9,7,6,0.4091,0.5909
9,7,7,0.3913,0.6087
10,7,7,0.4167,0.5833
10,7,8,0.4,0.6
10,8,8,0.3846,0.6154
10,8,9,0.3704,0.6296
10,9,9,0.3571,0.6429
10,9,10,0.3448,0.6552
11,9,10,0.3667,0.6333
11,10,10,0.3548,0.6452
11,11,10,0.3438,0.6562
11,11,11,0.3333,0.6667
11,11,12,0.3235,0.6765
11,11,13,0.3143,0.6857
11,11,14,0.3056,0.6944
11,11,15,0.2973,0.7027
11,12,15,0.2895,0.7105
11,13,15,0.2821,0.7179
11,14,15,0.275,0.725
12,14,15,0.2927,0.7073
12,15,15,0.2857,0.7143
12,16,15,0.2791,0.7209
13,16,15,0.2955,0.7045
13,16,16,0.2889,0.7111
13,16,17,0.2826,0.7174
13,17,17,0.2766,0.7234
13,17,18,0.2708,0.7292
13,18,18,0.2653,0.7347
13,18,19,0.26,0.74
14,18,19,0.2745,0.7255
14,19,19,0.2692,0.7308
14,19,20,0.2642,0.7358
14,19,21,0.2593,0.7407
15,19,21,0.2727,0.7273
16,19,21,0.2857,0.7143
16,19,22,0.2807,0.7193
16,19,23,0.2759,0.7241
17,19,23,0.2881,0.7119
17,19,24,0.2833,0.7167
17,19,25,0.2787,0.7213
17,19,26,0.2742,0.7258
17,19,27,0.2698,0.7302
17,19,28,0.2656,0.7344
17,19,29,0.2615,0.7385
17,19,30,0.2576,0.7424
17,19,31,0.2537,0.7463
17,19,32,0.25,0.75
17,19,33,0.2464,0.7536
17,19,34,0.2429,0.7571
17,19,35,0.2394,0.7606
17,19,36,0.2361,0.7639
17,19,37,0.2329,0.7671
18,19,37,0.2432,0.7568
18,20,37,0.24,0.76
19,20,37,0.25,0.75
20,20,37,0.2597,0.7403
20,20,38,0.2564,0.7436
21,20,38,0.2658,0.7342
21,20,39,0.2625,0.7375
22,20,39,0.2716,0.7284
22,20,40,0.2683,0.7317
22,20,41,0.2651,0.7349
22,20,42,0.2619,0.7381
22,20,43,0.2588,0.7412
22,21,43,0.2558,0.7442
22,21,44,0.2529,0.7471
23,21,44,0.2614,0.7386
23,21,45,0.2584,0.7416
23,22,45,0.2556,0.7444
23,22,46,0.2527,0.7473
23,22,47,0.25,0.75
23,22,48,0.2473,0.7527
24,22,48,0.2553,0.7447
25,22,48,0.2632,0.7368
25,22,49,0.2604,0.7396
25,22,50,0.2577,0.7423
26,22,50,0.2653,0.7347
27,22,50,0.2727,0.7273
27,23,50,0.27,0.73
27,23,51,0.2673,0.7327
28,23,51,0.2745,0.7255
28,24,51,0.2718,0.7282
29,24,51,0.2788,0.7212
29,25,51,0.2762,0.7238
29,25,52,0.2736,0.7264
29,26,52,0.271,0.729
29,27,52,0.2685,0.7315
29,28,52,0.2661,0.7339
29,28,53,0.2636,0.7364
30,28,53,0.2703,0.7297
31,28,53,0.2768,0.7232
32,28,53,0.2832,0.7168
33,28,53,0.2895,0.7105
33,28,54,0.287,0.713
33,29,54,0.2845,0.7155
33,29,55,0.2821,0.7179
33,29,56,0.2797,0.7203
33,29,57,0.2773,0.7227
33,29,58,0.275,0.725
34,29,58,0.281,0.719
35,29,58,0.2869,0.7131
35,29,59,0.2846,0.7154
36,29,59,0.2903,0.7097
37,29,59,0.296,0.704
38,29,59,0.3016,0.6984
38,29,60,0.2992,0.7008
38,29,61,0.2969,0.7031
38,29,62,0.2946,0.7054
38,29,63,0.2923,0.7077
38,29,64,0.2901,0.7099
38,29,65,0.2879,0.7121
38,29,66,0.2857,0.7143
38,29,67,0.2836,0.7164
38,29,68,0.2815,0.7185
38,29,69,0.2794,0.7206
39,29,69,0.2847,0.7153
39,29,70,0.2826,0.7174
40,29,70,0.2878,0.7122
40,29,71,0.2857,0.7143
41,29,71,0.2908,0.7092
42,29,71,0.2958,0.7042
42,30,71,0.2937,0.7063
42,30,72,0.2917,0.7083
42,31,72,0.2897,0.7103
42,31,73,0.2877,0.7123
42,32,73,0.2857,0.7143
42,32,74,0.2838,0.7162
43,32,74,0.2886,0.7114
43,32,75,0.2867,0.7133
44,32,75,0.2914,0.7086
44,33,75,0.2895,0.7105
45,33,75,0.2941,0.7059
45,33,76,0.2922,0.7078
46,33,76,0.2968,0.7032
46,33,77,0.2949,0.7051
46,33,78,0.293,0.707
46,33,79,0.2911,0.7089
46,33,80,0.2893,0.7107
46,33,81,0.2875,0.7125
46,34,81,0.2857,0.7143
46,34,82,0.284,0.716
46,34,83,0.2822,0.7178
47,34,83,0.2866,0.7134
47,34,84,0.2848,0.7152
47,34,85,0.2831,0.7169
48,34,85,0.2874,0.7126
48,34,86,0.2857,0.7143
48,34,87,0.284,0.716
48,34,88,0.2824,0.7176
49,34,88,0.2865,0.7135
49,34,89,0.2849,0.7151
49,35,89,0.2832,0.7168
49,35,90,0.2816,0.7184
49,36,90,0.28,0.72
50,36,90,0.2841,0.7159
50,36,91,0.2825,0.7175
51,36,91,0.2865,0.7135
51,36,92,0.2849,0.7151
51,36,93,0.2833,0.7167
51,36,94,0.2818,0.7182
51,37,94,0.2802,0.7198
51,37,95,0.2787,0.7213
51,37,96,0.2772,0.7228
52,37,96,0.2811,0.7189
53,37,96,0.2849,0.7151
54,37,96,0.2888,0.7112
54,37,97,0.2872,0.7128
54,37,98,0.2857,0.7143
55,37,98,0.2895,0.7105
55,37,99,0.288,0.712
55,37,100,0.2865,0.7135
56,37,100,0.2902,0.7098
57,37,100,0.2938,0.7062
57,37,101,0.2923,0.7077
57,37,102,0.2908,0.7092
57,37,103,0.2893,0.7107
57,37,104,0.2879,0.7121
57,37,105,0.2864,0.7136
58,37,105,0.29,0.71
58,37,106,0.2886,0.7114
58,37,107,0.2871,0.7129
58,37,108,0.2857,0.7143
58,37,109,0.2843,0.7157
58,37,110,0.2829,0.7171
58,37,111,0.2816,0.7184
59,37,111,0.285,0.715
60,37,111,0.2885,0.7115
60,37,112,0.2871,0.7129
60,37,113,0.2857,0.7143
60,37,114,0.2844,0.7156
60,37,115,0.283,0.717
61,37,115,0.2864,0.7136
62,37,115,0.2897,0.7103
62,37,116,0.2884,0.7116
62,37,117,0.287,0.713
63,37,117,0.2903,0.7097
63,38,117,0.289,0.711
63,38,118,0.2877,0.7123
63,39,118,0.2864,0.7136
64,39,118,0.2896,0.7104
64,39,119,0.2883,0.7117
64,39,120,0.287,0.713
64,39,121,0.2857,0.7143
64,39,122,0.2844,0.7156
64,39,123,0.2832,0.7168
64,39,124,0.2819,0.7181
64,39,125,0.2807,0.7193
64,39,126,0.2795,0.7205
64,39,127,0.2783,0.7217
65,39,127,0.2814,0.7186
66,39,127,0.2845,0.7155
67,39,127,0.2876,0.7124
68,39,127,0.2906,0.7094
69,39,127,0.2936,0.7064
69,39,128,0.2924,0.7076
70,39,128,0.2954,0.7046
70,39,129,0.2941,0.7059
70,40,129,0.2929,0.7071
70,40,130,0.2917,0.7083
71,40,130,0.2946,0.7054
72,40,130,0.2975,0.7025
73,40,130,0.3004,0.6996
73,40,131,0.2992,0.7008
74,40,131,0.302,0.698
74,41,131,0.3008,0.6992
75,41,131,0.3036,0.6964
75,41,132,0.3024,0.6976
75,42,132,0.3012,0.6988
75,42,133,0.3,0.7
75,42,134,0.2988,0.7012
76,42,134,0.3016,0.6984
77,42,134,0.3043,0.6957
78,42,134,0.3071,0.6929
78,42,135,0.3059,0.6941
78,42,136,0.3047,0.6953
78,42,137,0.3035,0.6965
78,42,138,0.3023,0.6977
78,42,139,0.3012,0.6988
79,42,139,0.3038,0.6962
79,42,140,0.3027,0.6973
79,43,140,0.3015,0.6985
79,43,141,0.3004,0.6996
80,43,141,0.303,0.697
80,43,142,0.3019,0.6981
80,43,143,0.3008,0.6992
80,43,144,0.2996,0.7004
80,43,145,0.2985,0.7015
80,44,145,0.2974,0.7026
80,44,146,0.2963,0.7037
80,44,147,0.2952,0.7048
80,44,148,0.2941,0.7059
80,44,149,0.293,0.707
81,44,149,0.2956,0.7044
82,44,149,0.2982,0.7018
83,44,149,0.3007,0.6993
84,44,149,0.3032,0.6968
84,45,149,0.3022,0.6978
84,45,150,0.3011,0.6989
85,45,150,0.3036,0.6964
85,45,151,0.3025,0.6975
85,45,152,0.3014,0.6986
85,45,153,0.3004,0.6996
85,45,154,0.2993,0.7007
85,46,154,0.2982,0.7018
86,46,154,0.3007,0.6993
86,46,155,0.2997,0.7003
86,46,156,0.2986,0.7014
87,46,156,0.301,0.699
88,46,156,0.3034,0.6966
88,46,157,0.3024,0.6976
88,46,158,0.3014,0.6986
89,46,158,0.3038,0.6962
90,46,158,0.3061,0.6939
91,46,158,0.3085,0.6915
91,46,159,0.3074,0.6926
91,46,160,0.3064,0.6936
91,46,161,0.3054,0.6946
92,46,161,0.3077,0.6923
92,46,162,0.3067,0.6933
92,46,163,0.3056,0.6944
92,46,164,0.3046,0.6954
93,46,164,0.3069,0.6931
93,46,165,0.3059,0.6941
94,46,165,0.3082,0.6918
95,46,165,0.3105,0.6895
95,46,166,0.3094,0.6906
95,46,167,0.3084,0.6916
96,46,167,0.3107,0.6893
96,46,168,0.3097,0.6903
96,46,169,0.3087,0.6913
96,46,170,0.3077,0.6923
97,46,170,0.3099,0.6901
98,46,170,0.3121,0.6879
98,46,171,0.3111,0.6889
98,46,172,0.3101,0.6899
98,46,173,0.3091,0.6909
98,46,174,0.3082,0.6918
98,46,175,0.3072,0.6928
98,46,176,0.3062,0.6938
98,46,177,0.3053,0.6947
99,46,177,0.3075,0.6925
99,46,178,0.3065,0.6935
100,46,178,0.3086,0.6914
100,46,179,0.3077,0.6923
100,47,179,0.3067,0.6933
101,47,179,0.3089,0.6911
101,47,180,0.3079,0.6921
102,47,180,0.31,0.69
102,47,181,0.3091,0.6909
103,47,181,0.3112,0.6888
104,47,181,0.3133,0.6867
104,47,182,0.3123,0.6877
104,48,182,0.3114,0.6886
105,48,182,0.3134,0.6866
105,48,183,0.3125,0.6875
105,48,184,0.3116,0.6884
105,48,185,0.3107,0.6893
105,48,186,0.3097,0.6903
105,48,187,0.3088,0.6912
106,48,187,0.3109,0.6891
106,48,188,0.3099,0.6901
107,48,188,0.312,0.688
107,48,189,0.311,0.689
108,48,189,0.313,0.687
108,48,190,0.3121,0.6879
108,48,191,0.3112,0.6888
109,48,191,0.3132,0.6868
110,48,191,0.3152,0.6848
110,48,192,0.3143,0.6857
110,48,193,0.3134,0.6866
110,48,194,0.3125,0.6875
110,48,195,0.3116,0.6884
110,48,196,0.3107,0.6893
110,48,197,0.3099,0.6901
110,48,198,0.309,0.691
110,48,199,0.3081,0.6919
110,48,200,0.3073,0.6927
110,49,200,0.3064,0.6936
110,49,201,0.3056,0.6944
110,49,202,0.3047,0.6953
110,49,203,0.3039,0.6961
111,49,203,0.3058,0.6942
111,49,204,0.3049,0.6951
112,49,204,0.3068,0.6932
112,50,204,0.306,0.694
112,51,204,0.3052,0.6948
113,51,204,0.3071,0.6929
113,51,205,0.3062,0.6938
114,51,205,0.3081,0.6919
114,51,206,0.3073,0.6927
114,51,207,0.3065,0.6935
114,51,208,0.3056,0.6944
114,51,209,0.3048,0.6952
114,51,210,0.304,0.696
115,51,210,0.3059,0.6941
115,51,211,0.305,0.695
115,51,212,0.3042,0.6958
115,51,213,0.3034,0.6966
115,51,214,0.3026,0.6974
115,51,215,0.3018,0.6982
115,52,215,0.301,0.699
115,52,216,0.3003,0.6997
115,52,217,0.2995,0.7005
115,53,217,0.2987,0.7013
115,53,218,0.2979,0.7021
115,53,219,0.2972,0.7028
116,53,219,0.299,0.701
117,53,219,0.3008,0.6992
117,53,220,0.3,0.7
118,53,220,0.3018,0.6982
118,54,220,0.301,0.699
119,54,220,0.3028,0.6972
119,54,221,0.302,0.698
119,54,222,0.3013,0.6987
119,55,222,0.3005,0.6995
119,56,222,0.2997,0.7003
119,56,223,0.299,0.701
119,56,224,0.2982,0.7018
120,56,224,0.3,0.7
120,56,225,0.2993,0.7007
120,57,225,0.2985,0.7015
121,57,225,0.3002,0.6998
122,57,225,0.302,0.698
122,57,226,0.3012,0.6988
123,57,226,0.303,0.697
123,57,227,0.3022,0.6978
123,57,228,0.3015,0.6985
123,58,228,0.3007,0.6993
124,58,228,0.3024,0.6976
125,58,228,0.3041,0.6959
125,58,229,0.3034,0.6966
125,58,230,0.3027,0.6973
125,58,231,0.3019,0.6981
125,58,232,0.3012,0.6988
125,59,232,0.3005,0.6995
125,59,233,0.2998,0.7002
126,59,233,0.3014,0.6986
127,59,233,0.3031,0.6969
127,59,234,0.3024,0.6976
127,59,235,0.3017,0.6983
127,59,236,0.3009,0.6991
127,59,237,0.3002,0.6998
127,59,238,0.2995,0.7005
127,59,239,0.2988,0.7012
128,59,239,0.3005,0.6995
128,60,239,0.2998,0.7002
128,60,240,0.2991,0.7009
129,60,240,0.3007,0.6993
130,60,240,0.3023,0.6977
130,61,240,0.3016,0.6984
130,61,241,0.3009,0.6991
130,61,242,0.3002,0.6998
130,62,242,0.2995,0.7005
130,62,243,0.2989,0.7011
131,62,243,0.3005,0.6995
131,62,244,0.2998,0.7002
132,62,244,0.3014,0.6986
132,62,245,0.3007,0.6993
132,62,246,0.3,0.7
132,62,247,0.2993,0.7007
132,62,248,0.2986,0.7014
133,62,248,0.3002,0.6998
133,62,249,0.2995,0.7005
133,63,249,0.2989,0.7011
134,63,249,0.3004,0.6996
134,63,250,0.2998,0.7002
134,63,251,0.2991,0.7009
134,63,252,0.2984,0.7016
134,64,252,0.2978,0.7022
134,64,253,0.2971,0.7029
134,64,254,0.2965,0.7035
134,64,255,0.2958,0.7042
134,64,256,0.2952,0.7048
134,65,256,0.2945,0.7055
134,65,257,0.2939,0.7061
135,65,257,0.2954,0.7046
135,65,258,0.2948,0.7052
135,65,259,0.2941,0.7059
135,65,260,0.2935,0.7065
135,65,261,0.2928,0.7072
135,65,262,0.2922,0.7078
136,65,262,0.2937,0.7063
137,65,262,0.2953,0.7047
137,65,263,0.2946,0.7054
137,65,264,0.294,0.706
137,65,265,0.2934,0.7066
137,65,266,0.2927,0.7073
138,65,266,0.2942,0.7058
138,65,267,0.2936,0.7064
138,65,268,0.293,0.707
138,65,269,0.2924,0.7076
138,65,270,0.2918,0.7082
138,66,270,0.2911,0.7089
138,67,270,0.2905,0.7095
138,67,271,0.2899,0.7101
138,67,272,0.2893,0.7107
138,67,273,0.2887,0.7113
139,67,273,0.2902,0.7098
139,67,274,0.2896,0.7104
139,67,275,0.289,0.711
139,68,275,0.2884,0.7116
140,68,275,0.2899,0.7101
141,68,275,0.2913,0.7087
141,68,276,0.2907,0.7093
142,68,276,0.2922,0.7078
142,68,277,0.2916,0.7084
142,68,278,0.291,0.709
142,68,279,0.2904,0.7096
143,68,279,0.2918,0.7082
143,68,280,0.2912,0.7088
143,69,280,0.2907,0.7093
143,69,281,0.2901,0.7099
143,69,282,0.2895,0.7105
143,70,282,0.2889,0.7111
143,70,283,0.2883,0.7117
143,70,284,0.2877,0.7123
143,70,285,0.2871,0.7129
144,70,285,0.2886,0.7114
144,70,286,0.288,0.712
144,70,287,0.2874,0.7126
144,71,287,0.2869,0.7131
144,71,288,0.2863,0.7137
144,71,289,0.2857,0.7143
144,71,290,0.2851,0.7149
144,72,290,0.2846,0.7154
144,73,290,0.284,0.716
144,74,290,0.2835,0.7165
144,74,291,0.2829,0.7171
145,74,291,0.2843,0.7157
146,74,291,0.2857,0.7143
146,74,292,0.2852,0.7148
146,74,293,0.2846,0.7154
146,74,294,0.284,0.716
146,74,295,0.2835,0.7165
146,74,296,0.2829,0.7171
146,74,297,0.2824,0.7176
146,74,298,0.2819,0.7181
146,75,298,0.2813,0.7187
146,76,298,0.2808,0.7192
146,76,299,0.2802,0.7198
146,76,300,0.2797,0.7203
146,76,301,0.2792,0.7208
147,76,301,0.2805,0.7195
147,77,301,0.28,0.72
147,77,302,0.2795,0.7205
147,78,302,0.2789,0.7211
147,79,302,0.2784,0.7216
148,79,302,0.2798,0.7202
148,80,302,0.2792,0.7208
148,80,303,0.2787,0.7213
148,80,304,0.2782,0.7218
148,80,305,0.2777,0.7223
148,80,306,0.2772,0.7228
148,80,307,0.2766,0.7234
149,80,307,0.278,0.722
149,80,308,0.2775,0.7225
149,80,309,0.277,0.723
149,80,310,0.2764,0.7236
149,80,311,0.2759,0.7241
149,81,311,0.2754,0.7246
149,81,312,0.2749,0.7251
149,81,313,0.2744,0.7256
149,81,314,0.2739,0.7261
149,81,315,0.2734,0.7266
149,81,316,0.2729,0.7271
149,81,317,0.2724,0.7276
149,81,318,0.2719,0.7281
149,81,319,0.2714,0.7286
149,81,320,0.2709,0.7291
149,81,321,0.2704,0.7296
149,81,322,0.2699,0.7301
149,82,322,0.2694,0.7306
149,82,323,0.269,0.731
149,82,324,0.2685,0.7315
149,82,325,0.268,0.732
149,82,326,0.2675,0.7325
149,82,327,0.267,0.733
149,83,327,0.2665,0.7335
149,84,327,0.2661,0.7339
149,84,328,0.2656,0.7344
149,84,329,0.2651,0.7349
149,84,330,0.2647,0.7353
149,84,331,0.2642,0.7358
149,84,332,0.2637,0.7363
149,84,333,0.2633,0.7367
149,84,334,0.2628,0.7372
149,84,335,0.2623,0.7377
150,84,335,0.2636,0.7364
150,84,336,0.2632,0.7368
150,84,337,0.2627,0.7373
150,84,338,0.2622,0.7378
150,84,339,0.2618,0.7382
150,84,340,0.2613,0.7387
150,84,341,0.2609,0.7391
150,84,342,0.2604,0.7396
150,84,343,0.26,0.74
150,84,344,0.2595,0.7405
150,84,345,0.2591,0.7409
150,84,346,0.2586,0.7414
150,85,346,0.2582,0.7418
150,85,347,0.2577,0.7423
150,85,348,0.2573,0.7427
150,85,349,0.2568,0.7432
150,85,350,0.2564,0.7436
150,85,351,0.256,0.744
150,85,352,0.2555,0.7445
150,85,353,0.2551,0.7449
150,85,354,0.2547,0.7453
150,86,354,0.2542,0.7458
150,86,355,0.2538,0.7462
150,86,356,0.2534,0.7466
150,86,357,0.253,0.747
150,86,358,0.2525,0.7475
151,86,358,0.2538,0.7462
151,86,359,0.2534,0.7466
151,86,360,0.2529,0.7471
151,86,361,0.2525,0.7475
151,86,362,0.2521,0.7479
151,86,363,0.2517,0.7483
151,86,364,0.2512,0.7488
151,86,365,0.2508,0.7492
151,86,366,0.2504,0.7496
151,87,366,0.25,0.75
151,87,367,0.2496,0.7504
151,87,368,0.2492,0.7508
151,87,369,0.2488,0.7512
151,87,370,0.2484,0.7516
151,87,371,0.2479,0.7521
152,87,371,0.2492,0.7508
152,87,372,0.2488,0.7512
152,87,373,0.2484,0.7516
152,87,374,0.248,0.752
152,87,375,0.2476,0.7524
153,87,375,0.2488,0.7512
153,87,376,0.2484,0.7516
153,87,377,0.248,0.752
153,87,378,0.2476,0.7524
153,87,379,0.2472,0.7528
153,87,380,0.2468,0.7532
153,87,381,0.2464,0.7536
153,87,382,0.246,0.754
153,87,383,0.2456,0.7544
153,88,383,0.2452,0.7548
153,88,384,0.2448,0.7552
153,89,384,0.2444,0.7556
153,89,385,0.244,0.756
153,89,386,0.2436,0.7564
153,89,387,0.2432,0.7568
153,89,388,0.2429,0.7571
154,89,388,0.2441,0.7559
154,89,389,0.2437,0.7563
154,89,390,0.2433,0.7567
154,89,391,0.2429,0.7571
154,89,392,0.2425,0.7575
154,89,393,0.2421,0.7579
154,89,394,0.2418,0.7582
154,89,395,0.2414,0.7586
154,89,396,0.241,0.759
154,89,397,0.2406,0.7594
154,89,398,0.2402,0.7598
154,90,398,0.2399,0.7601
154,90,399,0.2395,0.7605
154,90,400,0.2391,0.7609
154,90,401,0.2388,0.7612
154,90,402,0.2384,0.7616
154,90,403,0.238,0.762
154,91,403,0.2377,0.7623
155,91,403,0.2388,0.7612
155,91,404,0.2385,0.7615
155,91,405,0.2381,0.7619
155,91,406,0.2377,0.7623
155,91,407,0.2374,0.7626
155,91,408,0.237,0.763
155,91,409,0.2366,0.7634
155,91,410,0.2363,0.7637
155,91,411,0.2359,0.7641
155,91,412,0.2356,0.7644
155,91,413,0.2352,0.7648
156,91,413,0.2364,0.7636
156,91,414,0.236,0.764
156,91,415,0.2356,0.7644
156,91,416,0.2353,0.7647
156,91,417,0.2349,0.7651
156,91,418,0.2346,0.7654
156,91,419,0.2342,0.7658
156,91,420,0.2339,0.7661
156,91,421,0.2335,0.7665
156,91,422,0.2332,0.7668
156,91,423,0.2328,0.7672
156,91,424,0.2325,0.7675
156,91,425,0.2321,0.7679
156,91,426,0.2318,0.7682
156,91,427,0.2315,0.7685
156,91,428,0.2311,0.7689
156,91,429,0.2308,0.7692
156,91,430,0.2304,0.7696
156,91,431,0.2301,0.7699
156,91,432,0.2297,0.7703
157,91,432,0.2309,0.7691
157,91,433,0.2305,0.7695
157,91,434,0.2302,0.7698
157,91,435,0.2299,0.7701
157,91,436,0.2295,0.7705
157,91,437,0.2292,0.7708
157,91,438,0.2289,0.7711
157,91,439,0.2285,0.7715
157,91,440,0.2282,0.7718
157,91,441,0.2279,0.7721
157,91,442,0.2275,0.7725
157,91,443,0.2272,0.7728
157,91,444,0.2269,0.7731
157,91,445,0.2266,0.7734
157,91,446,0.2262,0.7738
157,91,447,0.2259,0.7741
157,91,448,0.2256,0.7744
157,91,449,0.2253,0.7747
157,91,450,0.2249,0.7751
157,91,451,0.2246,0.7754
157,91,452,0.2243,0.7757
157,91,453,0.224,0.776
157,91,454,0.2236,0.7764
157,91,455,0.2233,0.7767
157,91,456,0.223,0.777
157,91,457,0.2227,0.7773
157,91,458,0.2224,0.7776
157,91,459,0.2221,0.7779
157,91,460,0.2218,0.7782
157,91,461,0.2214,0.7786
157,91,462,0.2211,0.7789
157,91,463,0.2208,0.7792
157,91,464,0.2205,0.7795
157,91,465,0.2202,0.7798
157,91,466,0.2199,0.7801
157,91,467,0.2196,0.7804
157,91,468,0.2193,0.7807
157,91,469,0.219,0.781
157,91,470,0.2187,0.7813
157,91,471,0.2184,0.7816
157,91,472,0.2181,0.7819
157,92,472,0.2178,0.7822
157,92,473,0.2175,0.7825
157,92,474,0.2172,0.7828
157,92,475,0.2169,0.7831
157,92,476,0.2166,0.7834
157,92,477,0.2163,0.7837
157,92,478,0.216,0.784
157,92,479,0.2157,0.7843
157,92,480,0.2154,0.7846
157,92,481,0.2151,0.7849
157,92,482,0.2148,0.7852
158,92,482,0.2158,0.7842
159,92,482,0.2169,0.7831
159,92,483,0.2166,0.7834
159,92,484,0.2163,0.7837
159,92,485,0.216,0.784
159,92,486,0.2157,0.7843
159,92,487,0.2154,0.7846
159,92,488,0.2152,0.7848
159,92,489,0.2149,0.7851
159,93,489,0.2146,0.7854
159,93,490,0.2143,0.7857
159,93,491,0.214,0.786
159,93,492,0.2137,0.7863
159,93,493,0.2134,0.7866
159,93,494,0.2131,0.7869
159,93,495,0.2129,0.7871
159,93,496,0.2126,0.7874
159,93,497,0.2123,0.7877
159,93,498,0.212,0.788
159,93,499,0.2117,0.7883
159,93,500,0.2114,0.7886
159,93,501,0.2112,0.7888
159,93,502,0.2109,0.7891
159,93,503,0.2106,0.7894
159,93,504,0.2103,0.7897
159,93,505,0.21,0.79
159,93,506,0.2098,0.7902
159,93,507,0.2095,0.7905
160,93,507,0.2105,0.7895
160,93,508,0.2102,0.7898
160,93,509,0.21,0.79
160,93,510,0.2097,0.7903
160,93,511,0.2094,0.7906
160,94,511,0.2092,0.7908
160,94,512,0.2089,0.7911
160,94,513,0.2086,0.7914
160,94,514,0.2083,0.7917
160,94,515,0.2081,0.7919
160,94,516,0.2078,0.7922
160,94,517,0.2075,0.7925
160,94,518,0.2073,0.7927
160,94,519,0.207,0.793
160,94,520,0.2067,0.7933
160,94,521,0.2065,0.7935
160,94,522,0.2062,0.7938
160,94,523,0.2059,0.7941
160,94,524,0.2057,0.7943
160,94,525,0.2054,0.7946
160,94,526,0.2051,0.7949
160,94,527,0.2049,0.7951
160,94,528,0.2046,0.7954
160,94,529,0.2043,0.7957
161,94,529,0.2054,0.7946
161,94,530,0.2051,0.7949
161,94,531,0.2048,0.7952
161,94,532,0.2046,0.7954
161,95,532,0.2043,0.7957
161,95,533,0.2041,0.7959
161,96,533,0.2038,0.7962
161,96,534,0.2035,0.7965
161,96,535,0.2033,0.7967
162,96,535,0.2043,0.7957
162,96,536,0.204,0.796
162,96,537,0.2038,0.7962
162,96,538,0.2035,0.7965
162,96,539,0.2033,0.7967
162,96,540,0.203,0.797
162,96,541,0.2028,0.7972
162,96,542,0.2025,0.7975
162,96,543,0.2022,0.7978
163,96,543,0.2032,0.7968
163,96,544,0.203,0.797
163,96,545,0.2027,0.7973
163,96,546,0.2025,0.7975
163,96,547,0.2022,0.7978
163,96,548,0.202,0.798
163,96,549,0.2017,0.7983
163,96,550,0.2015,0.7985
163,96,551,0.2012,0.7988
163,96,552,0.201,0.799
163,96,553,0.2007,0.7993
163,96,554,0.2005,0.7995
163,96,555,0.2002,0.7998
163,96,556,0.2,0.8
163,96,557,0.1998,0.8002
163,96,558,0.1995,0.8005
163,96,559,0.1993,0.8007
163,96,560,0.199,0.801
163,96,561,0.1988,0.8012
163,96,562,0.1985,0.8015
163,96,563,0.1983,0.8017
163,96,564,0.1981,0.8019
163,96,565,0.1978,0.8022
163,96,566,0.1976,0.8024
163,96,567,0.1973,0.8027
163,96,568,0.1971,0.8029
163,96,569,0.1969,0.8031
163,96,570,0.1966,0.8034
164,96,570,0.1976,0.8024
164,96,571,0.1974,0.8026
164,96,572,0.1971,0.8029
164,96,573,0.1969,0.8031
164,96,574,0.1966,0.8034
164,96,575,0.1964,0.8036
164,96,576,0.1962,0.8038
164,96,577,0.1959,0.8041
164,96,578,0.1957,0.8043
165,96,578,0.1967,0.8033
165,96,579,0.1964,0.8036
165,96,580,0.1962,0.8038
165,96,581,0.196,0.804
165,96,582,0.1957,0.8043
165,96,583,0.1955,0.8045
165,96,584,0.1953,0.8047
165,96,585,0.195,0.805
165,96,586,0.1948,0.8052
165,96,587,0.1946,0.8054
165,96,588,0.1943,0.8057
165,96,589,0.1941,0.8059
165,96,590,0.1939,0.8061
165,96,591,0.1937,0.8063
165,96,592,0.1934,0.8066
165,96,593,0.1932,0.8068
165,96,594,0.193,0.807
165,96,595,0.1928,0.8072
165,96,596,0.1925,0.8075
165,96,597,0.1923,0.8077
165,97,597,0.1921,0.8079
165,97,598,0.1919,0.8081
165,97,599,0.1916,0.8084
165,98,599,0.1914,0.8086
165,98,600,0.1912,0.8088
165,98,601,0.191,0.809
165,98,602,0.1908,0.8092
165,98,603,0.1905,0.8095
166,98,603,0.1915,0.8085
167,98,603,0.1924,0.8076
168,98,603,0.1933,0.8067
168,98,604,0.1931,0.8069
168,98,605,0.1929,0.8071
168,98,606,0.1927,0.8073
168,98,607,0.1924,0.8076
168,98,608,0.1922,0.8078
168,98,609,0.192,0.808
168,99,609,0.1918,0.8082
168,99,610,0.1916,0.8084
168,99,611,0.1913,0.8087
168,100,611,0.1911,0.8089
168,100,612,0.1909,0.8091
168,101,612,0.1907,0.8093
168,101,613,0.1905,0.8095
169,101,613,0.1914,0.8086
169,101,614,0.1912,0.8088
170,101,614,0.1921,0.8079
170,101,615,0.1919,0.8081
171,101,615,0.1928,0.8072
171,101,616,0.1926,0.8074
171,101,617,0.1924,0.8076
171,101,618,0.1921,0.8079
171,101,619,0.1919,0.8081
171,102,619,0.1917,0.8083
172,102,619,0.1926,0.8074
172,102,620,0.1924,0.8076
172,102,621,0.1922,0.8078
172,102,622,0.192,0.808
172,102,623,0.1918,0.8082
172,103,623,0.1915,0.8085
172,103,624,0.1913,0.8087
172,103,625,0.1911,0.8089
172,103,626,0.1909,0.8091
172,103,627,0.1907,0.8093
172,103,628,0.1905,0.8095
172,103,629,0.1903,0.8097
172,103,630,0.1901,0.8099
172,103,631,0.1898,0.8102
172,103,632,0.1896,0.8104
172,103,633,0.1894,0.8106
172,104,633,0.1892,0.8108
172,104,634,0.189,0.811
172,105,634,0.1888,0.8112
172,105,635,0.1886,0.8114
172,106,635,0.1884,0.8116
172,106,636,0.1882,0.8118
172,106,637,0.188,0.812
172,106,638,0.1878,0.8122
172,106,639,0.1876,0.8124
172,106,640,0.1874,0.8126
172,106,641,0.1872,0.8128
173,106,641,0.188,0.812
173,106,642,0.1878,0.8122
173,106,643,0.1876,0.8124
173,106,644,0.1874,0.8126
173,106,645,0.1872,0.8128
174,106,645,0.1881,0.8119
174,107,645,0.1879,0.8121
174,108,645,0.1877,0.8123
174,108,646,0.1875,0.8125
174,108,647,0.1873,0.8127
174,108,648,0.1871,0.8129
174,108,649,0.1869,0.8131
174,108,650,0.1867,0.8133
174,108,651,0.1865,0.8135
174,108,652,0.1863,0.8137
174,108,653,0.1861,0.8139
174,108,654,0.1859,0.8141
174,108,655,0.1857,0.8143
174,109,655,0.1855,0.8145
174,109,656,0.1853,0.8147
174,109,657,0.1851,0.8149
174,109,658,0.1849,0.8151
174,109,659,0.1847,0.8153
175,109,659,0.1856,0.8144
175,109,660,0.1854,0.8146
175,109,661,0.1852,0.8148
175,109,662,0.185,0.815
175,110,662,0.1848,0.8152
175,111,662,0.1846,0.8154
175,111,663,0.1844,0.8156
175,111,664,0.1842,0.8158
175,112,664,0.184,0.816
175,112,665,0.1838,0.8162
175,112,666,0.1836,0.8164
175,112,667,0.1834,0.8166
175,112,668,0.1832,0.8168
175,112,669,0.1831,0.8169
175,112,670,0.1829,0.8171
175,112,671,0.1827,0.8173
176,112,671,0.1835,0.8165
176,112,672,0.1833,0.8167
176,112,673,0.1831,0.8169
176,112,674,0.183,0.817
176,112,675,0.1828,0.8172
177,112,675,0.1836,0.8164
177,112,676,0.1834,0.8166
177,113,676,0.1832,0.8168
177,113,677,0.183,0.817
177,113,678,0.1829,0.8171
177,113,679,0.1827,0.8173
177,114,679,0.1825,0.8175
177,114,680,0.1823,0.8177
177,114,681,0.1821,0.8179
177,114,682,0.1819,0.8181
177,114,683,0.1817,0.8183
177,114,684,0.1815,0.8185
178,114,684,0.1824,0.8176
178,115,684,0.1822,0.8178
178,115,685,0.182,0.818
179,115,685,0.1828,0.8172
179,115,686,0.1827,0.8173
179,115,687,0.1825,0.8175
179,116,687,0.1823,0.8177
179,116,688,0.1821,0.8179
179,116,689,0.1819,0.8181
179,117,689,0.1817,0.8183
179,118,689,0.1815,0.8185
179,118,690,0.1814,0.8186
179,118,691,0.1812,0.8188
179,118,692,0.181,0.819
179,118,693,0.1808,0.8192
179,118,694,0.1806,0.8194
179,118,695,0.1804,0.8196
179,118,696,0.1803,0.8197
179,118,697,0.1801,0.8199
179,118,698,0.1799,0.8201
179,118,699,0.1797,0.8203
179,118,700,0.1795,0.8205
179,118,701,0.1794,0.8206
179,118,702,0.1792,0.8208
179,119,702,0.179,0.821
179,119,703,0.1788,0.8212
179,120,703,0.1786,0.8214
179,120,704,0.1785,0.8215
179,121,704,0.1783,0.8217
179,121,705,0.1781,0.8219
179,121,706,0.1779,0.8221
179,121,707,0.1778,0.8222
179,121,708,0.1776,0.8224
179,122,708,0.1774,0.8226
179,122,709,0.1772,0.8228
180,122,709,0.178,0.822
180,122,710,0.1779,0.8221
180,122,711,0.1777,0.8223
180,122,712,0.1775,0.8225
180,122,713,0.1773,0.8227
180,122,714,0.1772,0.8228
180,122,715,0.177,0.823
180,123,715,0.1768,0.8232
180,123,716,0.1766,0.8234
180,123,717,0.1765,0.8235
181,123,717,0.1773,0.8227
181,123,718,0.1771,0.8229
181,123,719,0.1769,0.8231
181,123,720,0.1768,0.8232
181,123,721,0.1766,0.8234
181,123,722,0.1764,0.8236
181,123,723,0.1762,0.8238
181,123,724,0.1761,0.8239
181,123,725,0.1759,0.8241
181,124,725,0.1757,0.8243
181,124,726,0.1756,0.8244
181,124,727,0.1754,0.8246
181,124,728,0.1752,0.8248
181,124,729,0.175,0.825
181,124,730,0.1749,0.8251
181,124,731,0.1747,0.8253
182,124,731,0.1755,0.8245
182,124,732,0.1753,0.8247
182,124,733,0.1752,0.8248
182,124,734,0.175,0.825
182,124,735,0.1748,0.8252
182,124,736,0.1747,0.8253
182,124,737,0.1745,0.8255
182,124,738,0.1743,0.8257
182,124,739,0.1742,0.8258
182,124,740,0.174,0.826
182,124,741,0.1738,0.8262
182,124,742,0.1737,0.8263
182,125,742,0.1735,0.8265
182,125,743,0.1733,0.8267
182,125,744,0.1732,0.8268
182,125,745,0.173,0.827
182,125,746,0.1728,0.8272
182,125,747,0.1727,0.8273
182,125,748,0.1725,0.8275
182,125,749,0.1723,0.8277
182,125,750,0.1722,0.8278
182,126,750,0.172,0.828
182,126,751,0.1719,0.8281
182,126,752,0.1717,0.8283
183,126,752,0.1725,0.8275
183,126,753,0.1723,0.8277
183,126,754,0.1722,0.8278
183,126,755,0.172,0.828
183,126,756,0.1718,0.8282
183,126,757,0.1717,0.8283
183,126,758,0.1715,0.8285
183,126,759,0.1713,0.8287
183,126,760,0.1712,0.8288
183,126,761,0.171,0.829
183,126,762,0.1709,0.8291
183,126,763,0.1707,0.8293
183,126,764,0.1705,0.8295
183,126,765,0.1704,0.8296
184,126,765,0.1712,0.8288
184,126,766,0.171,0.829
184,126,767,0.1708,0.8292
184,126,768,0.1707,0.8293
184,126,769,0.1705,0.8295
184,126,770,0.1704,0.8296
184,126,771,0.1702,0.8298
184,126,772,0.1701,0.8299
185,126,772,0.1708,0.8292
185,126,773,0.1707,0.8293
185,126,774,0.1705,0.8295
186,126,774,0.1713,0.8287
186,126,775,0.1711,0.8289
186,126,776,0.171,0.829
186,126,777,0.1708,0.8292
186,126,778,0.1706,0.8294
186,126,779,0.1705,0.8295
186,126,780,0.1703,0.8297
186,126,781,0.1702,0.8298
186,126,782,0.17,0.83
186,126,783,0.1699,0.8301
186,126,784,0.1697,0.8303
186,126,785,0.1696,0.8304
186,126,786,0.1694,0.8306
186,126,787,0.1692,0.8308
186,126,788,0.1691,0.8309
187,126,788,0.1698,0.8302
188,126,788,0.1706,0.8294
188,126,789,0.1704,0.8296
188,126,790,0.1703,0.8297
188,126,791,0.1701,0.8299
188,126,792,0.17,0.83
188,126,793,0.1698,0.8302
188,126,794,0.1697,0.8303
188,127,794,0.1695,0.8305
188,127,795,0.1694,0.8306
188,127,796,0.1692,0.8308
188,127,797,0.1691,0.8309
188,127,798,0.1689,0.8311
188,127,799,0.1688,0.8312
188,127,800,0.1686,0.8314
188,127,801,0.1685,0.8315
188,127,802,0.1683,0.8317
188,127,803,0.1682,0.8318
188,127,804,0.168,0.832
188,127,805,0.1679,0.8321
188,127,806,0.1677,0.8323
188,127,807,0.1676,0.8324
188,127,808,0.1674,0.8326
188,127,809,0.1673,0.8327
188,127,810,0.1671,0.8329
188,127,811,0.167,0.833
188,127,812,0.1668,0.8332
188,127,813,0.1667,0.8333
188,127,814,0.1665,0.8335
188,127,815,0.1664,0.8336
188,127,816,0.1662,0.8338
189,127,816,0.167,0.833
189,128,816,0.1668,0.8332
189,128,817,0.1667,0.8333
189,128,818,0.1665,0.8335
189,128,819,0.1664,0.8336
189,128,820,0.1662,0.8338
189,128,821,0.1661,0.8339
189,128,822,0.1659,0.8341
189,128,823,0.1658,0.8342
190,128,823,0.1665,0.8335
190,128,824,0.1664,0.8336
190,128,825,0.1662,0.8338
190,128,826,0.1661,0.8339
190,128,827,0.1659,0.8341
190,128,828,0.1658,0.8342
190,128,829,0.1656,0.8344
190,128,830,0.1655,0.8345
191,128,830,0.1662,0.8338
191,128,831,0.1661,0.8339
191,128,832,0.1659,0.8341
191,128,833,0.1658,0.8342
191,128,834,0.1657,0.8343
191,128,835,0.1655,0.8345
191,129,835,0.1654,0.8346
191,129,836,0.1652,0.8348
191,129,837,0.1651,0.8349
192,129,837,0.1658,0.8342
192,129,838,0.1657,0.8343
192,129,839,0.1655,0.8345
192,129,840,0.1654,0.8346
192,130,840,0.1652,0.8348
193,130,840,0.166,0.834
193,130,841,0.1658,0.8342
193,130,842,0.1657,0.8343
193,130,843,0.1655,0.8345
193,130,844,0.1654,0.8346
193,130,845,0.1652,0.8348
193,130,846,0.1651,0.8349
193,130,847,0.165,0.835
193,130,848,0.1648,0.8352
193,130,849,0.1647,0.8353
193,130,850,0.1645,0.8355
193,130,851,0.1644,0.8356
194,130,851,0.1651,0.8349
194,130,852,0.165,0.835
194,130,853,0.1648,0.8352
194,130,854,0.1647,0.8353
194,130,855,0.1645,0.8355
194,130,856,0.1644,0.8356
194,130,857,0.1643,0.8357
194,130,858,0.1641,0.8359
194,130,859,0.164,0.836
194,130,860,0.1639,0.8361
194,130,861,0.1637,0.8363
194,130,862,0.1636,0.8364
194,130,863,0.1634,0.8366
194,130,864,0.1633,0.8367
194,130,865,0.1632,0.8368
195,130,865,0.1639,0.8361
195,131,865,0.1637,0.8363
195,131,866,0.1636,0.8364
195,131,867,0.1635,0.8365
195,131,868,0.1633,0.8367
195,131,869,0.1632,0.8368
195,131,870,0.163,0.837
195,131,871,0.1629,0.8371
195,131,872,0.1628,0.8372
195,131,873,0.1626,0.8374
195,131,874,0.1625,0.8375
195,131,875,0.1624,0.8376
195,131,876,0.1622,0.8378
196,131,876,0.1629,0.8371
196,131,877,0.1628,0.8372
196,131,878,0.1627,0.8373
196,131,879,0.1625,0.8375
196,131,880,0.1624,0.8376
196,132,880,0.1623,0.8377
196,132,881,0.1621,0.8379
197,132,881,0.1628,0.8372
198,132,881,0.1635,0.8365
198,132,882,0.1634,0.8366
198,132,883,0.1632,0.8368
198,132,884,0.1631,0.8369
198,132,885,0.163,0.837
198,132,886,0.1628,0.8372
198,132,887,0.1627,0.8373
199,132,887,0.1634,0.8366
199,132,888,0.1632,0.8368
199,132,889,0.1631,0.8369
199,132,890,0.163,0.837
200,132,890,0.1637,0.8363
200,132,891,0.1635,0.8365
200,132,892,0.1634,0.8366
200,132,893,0.1633,0.8367
200,132,894,0.1631,0.8369
200,132,895,0.163,0.837
200,132,896,0.1629,0.8371
201,132,896,0.1635,0.8365
201,132,897,0.1634,0.8366
202,132,897,0.1641,0.8359
202,132,898,0.164,0.836
202,133,898,0.1638,0.8362
202,133,899,0.1637,0.8363
202,133,900,0.1636,0.8364
202,133,901,0.1634,0.8366
202,133,902,0.1633,0.8367
202,133,903,0.1632,0.8368
202,133,904,0.163,0.837
203,133,904,0.1637,0.8363
203,133,905,0.1636,0.8364
203,133,906,0.1634,0.8366
203,134,906,0.1633,0.8367
203,134,907,0.1632,0.8368
203,134,908,0.1631,0.8369
203,134,909,0.1629,0.8371
203,134,910,0.1628,0.8372
203,134,911,0.1627,0.8373
203,134,912,0.1625,0.8375
203,134,913,0.1624,0.8376
203,134,914,0.1623,0.8377
204,134,914,0.1629,0.8371
204,134,915,0.1628,0.8372
204,134,916,0.1627,0.8373
204,134,917,0.1625,0.8375
204,134,918,0.1624,0.8376
204,134,919,0.1623,0.8377
204,134,920,0.1622,0.8378
204,134,921,0.162,0.838
204,134,922,0.1619,0.8381
204,134,923,0.1618,0.8382
205,134,923,0.1624,0.8376
206,134,923,0.1631,0.8369
206,134,924,0.163,0.837
206,134,925,0.1628,0.8372
206,134,926,0.1627,0.8373
206,134,927,0.1626,0.8374
206,134,928,0.1625,0.8375
207,134,928,0.1631,0.8369
207,134,929,0.163,0.837
207,134,930,0.1629,0.8371
207,135,930,0.1627,0.8373
207,135,931,0.1626,0.8374
207,135,932,0.1625,0.8375
207,135,933,0.1624,0.8376
207,136,933,0.1622,0.8378
207,136,934,0.1621,0.8379
207,137,934,0.162,0.838
207,137,935,0.1618,0.8382
207,137,936,0.1617,0.8383
207,138,936,0.1616,0.8384
207,138,937,0.1615,0.8385
207,138,938,0.1613,0.8387
207,138,939,0.1612,0.8388
208,138,939,0.1619,0.8381
208,138,940,0.1617,0.8383
208,138,941,0.1616,0.8384
208,138,942,0.1615,0.8385
208,138,943,0.1614,0.8386
209,138,943,0.162,0.838
209,138,944,0.1619,0.8381
209,138,945,0.1618,0.8382
210,138,945,0.1624,0.8376
210,138,946,0.1623,0.8377
210,138,947,0.1622,0.8378
210,138,948,0.162,0.838
210,138,949,0.1619,0.8381
210,138,950,0.1618,0.8382
211,138,950,0.1624,0.8376
211,138,951,0.1623,0.8377
211,138,952,0.1622,0.8378
211,138,953,0.1621,0.8379
211,138,954,0.1619,0.8381
211,138,955,0.1618,0.8382
211,138,956,0.1617,0.8383
211,138,957,0.1616,0.8384
211,138,958,0.1614,0.8386
211,138,959,0.1613,0.8387
211,138,960,0.1612,0.8388
211,138,961,0.1611,0.8389
211,138,962,0.1609,0.8391
211,138,963,0.1608,0.8392
212,138,963,0.1615,0.8385
212,138,964,0.1613,0.8387
212,138,965,0.1612,0.8388
212,139,965,0.1611,0.8389
212,139,966,0.161,0.839
212,139,967,0.1608,0.8392
212,139,968,0.1607,0.8393
212,139,969,0.1606,0.8394
212,139,970,0.1605,0.8395
212,139,971,0.1604,0.8396
213,139,971,0.161,0.839
213,139,972,0.1609,0.8391
213,139,973,0.1608,0.8392
213,139,974,0.1606,0.8394
214,139,974,0.1613,0.8387
214,139,975,0.1611,0.8389
214,140,975,0.161,0.839
214,141,975,0.1609,0.8391
214,141,976,0.1608,0.8392
214,141,977,0.1607,0.8393
214,141,978,0.1605,0.8395
214,141,979,0.1604,0.8396
214,141,980,0.1603,0.8397
214,141,981,0.1602,0.8398
214,141,982,0.1601,0.8399
214,141,983,0.1599,0.8401
214,141,984,0.1598,0.8402
214,141,985,0.1597,0.8403
214,141,986,0.1596,0.8404
214,141,987,0.1595,0.8405
214,141,988,0.1593,0.8407
214,141,989,0.1592,0.8408
214,141,990,0.1591,0.8409
214,141,991,0.159,0.841
214,141,992,0.1589,0.8411
214,141,993,0.1588,0.8412
214,141,994,0.1586,0.8414
214,141,995,0.1585,0.8415
214,141,996,0.1584,0.8416
214,141,997,0.1583,0.8417
214,141,998,0.1582,0.8418
214,141,999,0.1581,0.8419
214,141,1000,0.1579,0.8421
214,141,1001,0.1578,0.8422
214,141,1002,0.1577,0.8423
214,141,1003,0.1576,0.8424
214,141,1004,0.1575,0.8425
214,141,1005,0.1574,0.8426
214,141,1006,0.1572,0.8428
214,141,1007,0.1571,0.8429
214,141,1008,0.157,0.843
214,141,1009,0.1569,0.8431
214,141,1010,0.1568,0.8432
214,141,1011,0.1567,0.8433
214,141,1012,0.1565,0.8435
214,141,1013,0.1564,0.8436
214,141,1014,0.1563,0.8437
214,141,1015,0.1562,0.8438
214,141,1016,0.1561,0.8439
214,141,1017,0.156,0.844
214,141,1018,0.1559,0.8441
215,141,1018,0.1565,0.8435
215,141,1019,0.1564,0.8436
215,141,1020,0.1562,0.8438
216,141,1020,0.1569,0.8431
217,141,1020,0.1575,0.8425
217,141,1021,0.1574,0.8426
217,141,1022,0.1572,0.8428
217,141,1023,0.1571,0.8429
217,141,1024,0.157,0.843
217,142,1024,0.1569,0.8431
217,142,1025,0.1568,0.8432
217,142,1026,0.1567,0.8433
217,142,1027,0.1566,0.8434
217,142,1028,0.1565,0.8435
218,142,1028,0.1571,0.8429
218,142,1029,0.1569,0.8431
218,142,1030,0.1568,0.8432
218,142,1031,0.1567,0.8433
218,142,1032,0.1566,0.8434
218,142,1033,0.1565,0.8435
218,142,1034,0.1564,0.8436
219,142,1034,0.157,0.843
219,142,1035,0.1569,0.8431
219,142,1036,0.1568,0.8432
219,142,1037,0.1567,0.8433
219,142,1038,0.1565,0.8435
219,142,1039,0.1564,0.8436
219,142,1040,0.1563,0.8437
219,142,1041,0.1562,0.8438
219,142,1042,0.1561,0.8439
219,142,1043,0.156,0.844
219,142,1044,0.1559,0.8441
219,142,1045,0.1558,0.8442
219,142,1046,0.1557,0.8443
219,142,1047,0.1555,0.8445
219,142,1048,0.1554,0.8446
219,142,1049,0.1553,0.8447
219,142,1050,0.1552,0.8448
219,142,1051,0.1551,0.8449
219,142,1052,0.155,0.845
219,142,1053,0.1549,0.8451
219,143,1053,0.1548,0.8452
219,143,1054,0.1547,0.8453
219,143,1055,0.1546,0.8454
219,143,1056,0.1544,0.8456
219,143,1057,0.1543,0.8457
219,143,1058,0.1542,0.8458
219,143,1059,0.1541,0.8459
219,143,1060,0.154,0.846
220,143,1060,0.1546,0.8454
220,143,1061,0.1545,0.8455
220,143,1062,0.1544,0.8456
221,143,1062,0.155,0.845
221,143,1063,0.1549,0.8451
221,143,1064,0.1548,0.8452
221,143,1065,0.1547,0.8453
221,143,1066,0.1545,0.8455
221,143,1067,0.1544,0.8456
221,143,1068,0.1543,0.8457
221,143,1069,0.1542,0.8458
221,143,1070,0.1541,0.8459
221,143,1071,0.154,0.846
221,143,1072,0.1539,0.8461
221,143,1073,0.1538,0.8462
221,143,1074,0.1537,0.8463
221,143,1075,0.1536,0.8464
221,143,1076,0.1535,0.8465
221,143,1077,0.1534,0.8466
221,143,1078,0.1533,0.8467
221,143,1079,0.1532,0.8468
221,143,1080,0.153,0.847
221,143,1081,0.1529,0.8471
221,143,1082,0.1528,0.8472
221,143,1083,0.1527,0.8473
221,144,1083,0.1526,0.8474
221,144,1084,0.1525,0.8475
221,144,1085,0.1524,0.8476
221,144,1086,0.1523,0.8477
221,144,1087,0.1522,0.8478
222,144,1087,0.1528,0.8472
222,144,1088,0.1527,0.8473
222,144,1089,0.1526,0.8474
223,144,1089,0.1532,0.8468
223,144,1090,0.1531,0.8469
223,144,1091,0.1529,0.8471
223,144,1092,0.1528,0.8472
223,144,1093,0.1527,0.8473
224,144,1093,0.1533,0.8467
224,144,1094,0.1532,0.8468
224,144,1095,0.1531,0.8469
224,144,1096,0.153,0.847
224,144,1097,0.1529,0.8471
224,144,1098,0.1528,0.8472
224,144,1099,0.1527,0.8473
224,144,1100,0.1526,0.8474
224,144,1101,0.1525,0.8475
224,144,1102,0.1524,0.8476
224,144,1103,0.1523,0.8477
224,144,1104,0.1522,0.8478
224,144,1105,0.1521,0.8479
224,144,1106,0.152,0.848
224,144,1107,0.1519,0.8481
224,144,1108,0.1518,0.8482
224,144,1109,0.1517,0.8483
224,144,1110,0.1516,0.8484
224,144,1111,0.1515,0.8485
224,144,1112,0.1514,0.8486
224,144,1113,0.1512,0.8488
224,144,1114,0.1511,0.8489
224,144,1115,0.151,0.849
224,144,1116,0.1509,0.8491
224,144,1117,0.1508,0.8492
224,144,1118,0.1507,0.8493
224,144,1119,0.1506,0.8494
224,144,1120,0.1505,0.8495
224,144,1121,0.1504,0.8496
224,144,1122,0.1503,0.8497
224,144,1123,0.1502,0.8498
224,144,1124,0.1501,0.8499
224,144,1125,0.15,0.85
224,144,1126,0.1499,0.8501
224,144,1127,0.1498,0.8502
224,144,1128,0.1497,0.8503
224,144,1129,0.1496,0.8504
224,145,1129,0.1495,0.8505
224,145,1130,0.1494,0.8506
225,145,1130,0.15,0.85
226,145,1130,0.1506,0.8494
226,145,1131,0.1505,0.8495
226,145,1132,0.1504,0.8496
226,145,1133,0.1503,0.8497
226,145,1134,0.1502,0.8498
227,145,1134,0.1507,0.8493
227,145,1135,0.1506,0.8494
227,145,1136,0.1505,0.8495
227,145,1137,0.1504,0.8496
227,145,1138,0.1503,0.8497
227,145,1139,0.1502,0.8498
227,145,1140,0.1501,0.8499
227,145,1141,0.15,0.85
227,145,1142,0.1499,0.8501
227,145,1143,0.1498,0.8502
227,145,1144,0.1497,0.8503
227,145,1145,0.1496,0.8504
227,145,1146,0.1495,0.8505
227,145,1147,0.1494,0.8506
227,145,1148,0.1493,0.8507
227,145,1149,0.1492,0.8508
227,145,1150,0.1491,0.8509
227,145,1151,0.149,0.851
227,145,1152,0.149,0.851
227,145,1153,0.1489,0.8511
227,145,1154,0.1488,0.8512
227,145,1155,0.1487,0.8513
227,145,1156,0.1486,0.8514
227,145,1157,0.1485,0.8515
227,145,1158,0.1484,0.8516
227,145,1159,0.1483,0.8517
227,145,1160,0.1482,0.8518
227,145,1161,0.1481,0.8519
227,145,1162,0.148,0.852
228,145,1162,0.1485,0.8515
228,146,1162,0.1484,0.8516
228,146,1163,0.1483,0.8517
228,146,1164,0.1482,0.8518
228,146,1165,0.1481,0.8519
228,146,1166,0.1481,0.8519
228,146,1167,0.148,0.852
228,146,1168,0.1479,0.8521
228,146,1169,0.1478,0.8522
228,146,1170,0.1477,0.8523
228,146,1171,0.1476,0.8524
229,146,1171,0.1481,0.8519
229,146,1172,0.148,0.852
229,146,1173,0.1479,0.8521
229,146,1174,0.1478,0.8522
229,146,1175,0.1477,0.8523
229,146,1176,0.1476,0.8524
229,146,1177,0.1476,0.8524
230,146,1177,0.1481,0.8519
230,146,1178,0.148,0.852
230,146,1179,0.1479,0.8521
230,146,1180,0.1478,0.8522
230,146,1181,0.1477,0.8523
230,146,1182,0.1476,0.8524
230,146,1183,0.1475,0.8525
230,146,1184,0.1474,0.8526
231,146,1184,0.148,0.852
231,146,1185,0.1479,0.8521
231,146,1186,0.1478,0.8522
231,146,1187,0.1477,0.8523
231,146,1188,0.1476,0.8524
231,146,1189,0.1475,0.8525
231,146,1190,0.1474,0.8526
231,146,1191,0.1473,0.8527
231,146,1192,0.1472,0.8528
232,146,1192,0.1478,0.8522
232,146,1193,0.1477,0.8523
232,146,1194,0.1476,0.8524
233,146,1194,0.1481,0.8519
233,146,1195,0.148,0.852
233,146,1196,0.1479,0.8521
233,146,1197,0.1478,0.8522
233,146,1198,0.1477,0.8523
233,146,1199,0.1477,0.8523
233,146,1200,0.1476,0.8524
233,146,1201,0.1475,0.8525
233,146,1202,0.1474,0.8526
233,146,1203,0.1473,0.8527
233,147,1203,0.1472,0.8528
233,147,1204,0.1471,0.8529
234,147,1204,0.1476,0.8524
234,147,1205,0.1475,0.8525
234,147,1206,0.1474,0.8526
234,147,1207,0.1474,0.8526
235,147,1207,0.1479,0.8521
235,148,1207,0.1478,0.8522
235,148,1208,0.1477,0.8523
236,148,1208,0.1482,0.8518
236,149,1208,0.1481,0.8519
237,149,1208,0.1487,0.8513
237,149,1209,0.1486,0.8514
237,150,1209,0.1485,0.8515
238,150,1209,0.149,0.851
238,150,1210,0.1489,0.8511
238,150,1211,0.1488,0.8512
238,150,1212,0.1488,0.8512
238,151,1212,0.1487,0.8513
238,151,1213,0.1486,0.8514
238,151,1214,0.1485,0.8515
238,151,1215,0.1484,0.8516
238,151,1216,0.1483,0.8517
238,151,1217,0.1482,0.8518
238,151,1218,0.1481,0.8519
238,151,1219,0.148,0.852
238,151,1220,0.1479,0.8521
238,151,1221,0.1478,0.8522
238,151,1222,0.1477,0.8523
238,151,1223,0.1476,0.8524
238,151,1224,0.1476,0.8524
238,151,1225,0.1475,0.8525
238,151,1226,0.1474,0.8526
238,151,1227,0.1473,0.8527
238,151,1228,0.1472,0.8528
238,151,1229,0.1471,0.8529
238,151,1230,0.147,0.853
238,151,1231,0.1469,0.8531
238,151,1232,0.1468,0.8532
238,151,1233,0.1467,0.8533
238,151,1234,0.1466,0.8534
238,151,1235,0.1466,0.8534
238,151,1236,0.1465,0.8535
238,151,1237,0.1464,0.8536
238,151,1238,0.1463,0.8537
238,151,1239,0.1462,0.8538
238,151,1240,0.1461,0.8539
238,151,1241,0.146,0.854
238,151,1242,0.1459,0.8541
238,151,1243,0.1458,0.8542
238,151,1244,0.1457,0.8543
238,151,1245,0.1457,0.8543
238,151,1246,0.1456,0.8544
238,151,1247,0.1455,0.8545
238,151,1248,0.1454,0.8546
238,151,1249,0.1453,0.8547
238,151,1250,0.1452,0.8548
238,151,1251,0.1451,0.8549
238,151,1252,0.145,0.855
238,151,1253,0.1449,0.8551
238,151,1254,0.1449,0.8551
238,151,1255,0.1448,0.8552
238,151,1256,0.1447,0.8553
238,151,1257,0.1446,0.8554
238,151,1258,0.1445,0.8555
238,151,1259,0.1444,0.8556
238,151,1260,0.1443,0.8557
238,151,1261,0.1442,0.8558
238,151,1262,0.1442,0.8558
238,151,1263,0.1441,0.8559
238,151,1264,0.144,0.856
238,151,1265,0.1439,0.8561
238,151,1266,0.1438,0.8562
238,151,1267,0.1437,0.8563
238,151,1268,0.1436,0.8564
238,151,1269,0.1435,0.8565
238,151,1270,0.1435,0.8565
238,151,1271,0.1434,0.8566
238,151,1272,0.1433,0.8567
238,151,1273,0.1432,0.8568
238,151,1274,0.1431,0.8569
238,151,1275,0.143,0.857
238,151,1276,0.1429,0.8571
238,151,1277,0.1429,0.8571
238,151,1278,0.1428,0.8572
238,151,1279,0.1427,0.8573
238,151,1280,0.1426,0.8574
238,151,1281,0.1425,0.8575
238,151,1282,0.1424,0.8576
238,152,1282,0.1423,0.8577
238,152,1283,0.1423,0.8577
238,152,1284,0.1422,0.8578
238,152,1285,0.1421,0.8579
238,152,1286,0.142,0.858
238,152,1287,0.1419,0.8581
238,152,1288,0.1418,0.8582
238,152,1289,0.1418,0.8582
238,152,1290,0.1417,0.8583
238,152,1291,0.1416,0.8584
238,152,1292,0.1415,0.8585
238,152,1293,0.1414,0.8586
238,152,1294,0.1413,0.8587
238,152,1295,0.1412,0.8588
238,152,1296,0.1412,0.8588
238,152,1297,0.1411,0.8589
238,152,1298,0.141,0.859
238,152,1299,0.1409,0.8591
238,152,1300,0.1408,0.8592
238,152,1301,0.1407,0.8593
238,152,1302,0.1407,0.8593
238,152,1303,0.1406,0.8594
238,152,1304,0.1405,0.8595
238,152,1305,0.1404,0.8596
238,152,1306,0.1403,0.8597
238,152,1307,0.1402,0.8598
238,152,1308,0.1402,0.8598
238,152,1309,0.1401,0.8599
238,153,1309,0.14,0.86
238,153,1310,0.1399,0.8601
238,153,1311,0.1398,0.8602
238,153,1312,0.1398,0.8602
238,153,1313,0.1397,0.8603
238,153,1314,0.1396,0.8604
238,153,1315,0.1395,0.8605
238,153,1316,0.1394,0.8606
238,153,1317,0.1393,0.8607
238,153,1318,0.1393,0.8607
238,153,1319,0.1392,0.8608
238,153,1320,0.1391,0.8609
238,153,1321,0.139,0.861
238,153,1322,0.1389,0.8611
238,153,1323,0.1389,0.8611
238,153,1324,0.1388,0.8612
238,153,1325,0.1387,0.8613
238,153,1326,0.1386,0.8614
238,153,1327,0.1385,0.8615
239,153,1327,0.139,0.861
239,153,1328,0.139,0.861
240,153,1328,0.1395,0.8605
240,153,1329,0.1394,0.8606
240,153,1330,0.1393,0.8607
240,153,1331,0.1392,0.8608
240,153,1332,0.1391,0.8609
240,153,1333,0.139,0.861
240,153,1334,0.139,0.861
240,153,1335,0.1389,0.8611
240,153,1336,0.1388,0.8612
240,153,1337,0.1387,0.8613
240,153,1338,0.1386,0.8614
240,153,1339,0.1386,0.8614
240,153,1340,0.1385,0.8615
240,153,1341,0.1384,0.8616
240,153,1342,0.1383,0.8617
240,153,1343,0.1382,0.8618
240,153,1344,0.1382,0.8618
240,153,1345,0.1381,0.8619
240,153,1346,0.138,0.862
240,153,1347,0.1379,0.8621
240,153,1348,0.1379,0.8621
240,153,1349,0.1378,0.8622
240,153,1350,0.1377,0.8623
240,153,1351,0.1376,0.8624
240,153,1352,0.1375,0.8625
240,153,1353,0.1375,0.8625
240,153,1354,0.1374,0.8626
240,153,1355,0.1373,0.8627
240,154,1355,0.1372,0.8628
240,154,1356,0.1371,0.8629
240,154,1357,0.1371,0.8629
240,154,1358,0.137,0.863
240,154,1359,0.1369,0.8631
240,154,1360,0.1368,0.8632
240,154,1361,0.1368,0.8632
240,154,1362,0.1367,0.8633
240,154,1363,0.1366,0.8634
240,154,1364,0.1365,0.8635
240,154,1365,0.1364,0.8636
240,154,1366,0.1364,0.8636
240,154,1367,0.1363,0.8637
240,154,1368,0.1362,0.8638
240,154,1369,0.1361,0.8639
240,154,1370,0.1361,0.8639
240,154,1371,0.136,0.864
240,154,1372,0.1359,0.8641
240,154,1373,0.1358,0.8642
240,154,1374,0.1357,0.8643
240,154,1375,0.1357,0.8643
241,154,1375,0.1362,0.8638
241,154,1376,0.1361,0.8639
241,154,1377,0.136,0.864
241,154,1378,0.1359,0.8641
241,154,1379,0.1359,0.8641
241,154,1380,0.1358,0.8642
241,154,1381,0.1357,0.8643
241,154,1382,0.1356,0.8644
241,154,1383,0.1355,0.8645
241,154,1384,0.1355,0.8645
241,154,1385,0.1354,0.8646
241,154,1386,0.1353,0.8647
241,154,1387,0.1352,0.8648
241,154,1388,0.1352,0.8648
241,154,1389,0.1351,0.8649
241,154,1390,0.135,0.865
241,154,1391,0.1349,0.8651
241,154,1392,0.1349,0.8651
241,154,1393,0.1348,0.8652
241,154,1394,0.1347,0.8653
241,154,1395,0.1346,0.8654
241,154,1396,0.1346,0.8654
241,154,1397,0.1345,0.8655
241,154,1398,0.1344,0.8656
241,154,1399,0.1343,0.8657
241,154,1400,0.1343,0.8657
241,154,1401,0.1342,0.8658
241,154,1402,0.1341,0.8659
241,154,1403,0.134,0.866
241,154,1404,0.134,0.866
242,154,1404,0.1344,0.8656
242,154,1405,0.1344,0.8656
242,154,1406,0.1343,0.8657
242,154,1407,0.1342,0.8658
242,154,1408,0.1341,0.8659
242,154,1409,0.1341,0.8659
243,154,1409,0.1346,0.8654
243,155,1409,0.1345,0.8655
243,155,1410,0.1344,0.8656
243,155,1411,0.1343,0.8657
243,155,1412,0.1343,0.8657
243,155,1413,0.1342,0.8658
243,155,1414,0.1341,0.8659
243,155,1415,0.134,0.866
243,155,1416,0.134,0.866
243,155,1417,0.1339,0.8661
243,155,1418,0.1338,0.8662
243,155,1419,0.1337,0.8663
243,155,1420,0.1337,0.8663
243,155,1421,0.1336,0.8664
243,155,1422,0.1335,0.8665
243,155,1423,0.1334,0.8666
243,155,1424,0.1334,0.8666
243,155,1425,0.1333,0.8667
243,155,1426,0.1332,0.8668
243,155,1427,0.1332,0.8668
243,155,1428,0.1331,0.8669
243,155,1429,0.133,0.867
243,155,1430,0.1329,0.8671
243,155,1431,0.1329,0.8671
243,155,1432,0.1328,0.8672
243,156,1432,0.1327,0.8673
243,156,1433,0.1326,0.8674
243,156,1434,0.1326,0.8674
243,156,1435,0.1325,0.8675
243,156,1436,0.1324,0.8676
243,156,1437,0.1324,0.8676
243,156,1438,0.1323,0.8677
243,156,1439,0.1322,0.8678
243,156,1440,0.1321,0.8679
243,156,1441,0.1321,0.8679
243,156,1442,0.132,0.868
243,156,1443,0.1319,0.8681
243,156,1444,0.1319,0.8681
243,156,1445,0.1318,0.8682
243,156,1446,0.1317,0.8683
243,156,1447,0.1316,0.8684
243,156,1448,0.1316,0.8684
243,156,1449,0.1315,0.8685
243,156,1450,0.1314,0.8686
243,156,1451,0.1314,0.8686
243,157,1451,0.1313,0.8687
243,157,1452,0.1312,0.8688
243,157,1453,0.1311,0.8689
243,157,1454,0.1311,0.8689
243,157,1455,0.131,0.869
243,157,1456,0.1309,0.8691
243,158,1456,0.1309,0.8691
243,158,1457,0.1308,0.8692
243,158,1458,0.1307,0.8693
243,158,1459,0.1306,0.8694
243,158,1460,0.1306,0.8694
243,158,1461,0.1305,0.8695
243,158,1462,0.1304,0.8696
243,158,1463,0.1304,0.8696
243,158,1464,0.1303,0.8697
243,158,1465,0.1302,0.8698
244,158,1465,0.1307,0.8693
244,158,1466,0.1306,0.8694
244,158,1467,0.1306,0.8694
244,158,1468,0.1305,0.8695
244,158,1469,0.1304,0.8696
244,158,1470,0.1303,0.8697
244,158,1471,0.1303,0.8697
244,158,1472,0.1302,0.8698
244,159,1472,0.1301,0.8699
244,159,1473,0.1301,0.8699
245,159,1473,0.1305,0.8695
245,159,1474,0.1305,0.8695
245,159,1475,0.1304,0.8696
245,159,1476,0.1303,0.8697
245,159,1477,0.1302,0.8698
245,159,1478,0.1302,0.8698
245,159,1479,0.1301,0.8699
245,159,1480,0.13,0.87
245,159,1481,0.13,0.87
245,159,1482,0.1299,0.8701
245,159,1483,0.1298,0.8702
245,159,1484,0.1298,0.8702
245,159,1485,0.1297,0.8703
245,159,1486,0.1296,0.8704
245,159,1487,0.1296,0.8704
245,159,1488,0.1295,0.8705
245,159,1489,0.1294,0.8706
245,159,1490,0.1294,0.8706
245,159,1491,0.1293,0.8707
245,159,1492,0.1292,0.8708
245,159,1493,0.1292,0.8708
245,160,1493,0.1291,0.8709
245,160,1494,0.129,0.871
245,160,1495,0.1289,0.8711
245,160,1496,0.1289,0.8711
245,160,1497,0.1288,0.8712
245,160,1498,0.1287,0.8713
245,160,1499,0.1287,0.8713
245,160,1500,0.1286,0.8714
245,160,1501,0.1285,0.8715
245,160,1502,0.1285,0.8715
245,160,1503,0.1284,0.8716
245,161,1503,0.1283,0.8717
245,161,1504,0.1283,0.8717
246,161,1504,0.1287,0.8713
246,161,1505,0.1287,0.8713
246,161,1506,0.1286,0.8714
246,161,1507,0.1285,0.8715
246,161,1508,0.1285,0.8715
246,161,1509,0.1284,0.8716
246,161,1510,0.1283,0.8717
246,161,1511,0.1283,0.8717
246,161,1512,0.1282,0.8718
246,161,1513,0.1281,0.8719
246,161,1514,0.1281,0.8719
246,161,1515,0.128,0.872
246,161,1516,0.1279,0.8721
246,161,1517,0.1279,0.8721
246,161,1518,0.1278,0.8722
246,161,1519,0.1277,0.8723
246,161,1520,0.1277,0.8723
246,161,1521,0.1276,0.8724
246,161,1522,0.1275,0.8725
246,161,1523,0.1275,0.8725
246,161,1524,0.1274,0.8726
246,161,1525,0.1273,0.8727
246,161,1526,0.1273,0.8727
246,161,1527,0.1272,0.8728
246,161,1528,0.1271,0.8729
246,161,1529,0.1271,0.8729
246,161,1530,0.127,0.873
246,161,1531,0.1269,0.8731
246,161,1532,0.1269,0.8731
246,161,1533,0.1268,0.8732
246,161,1534,0.1267,0.8733
246,161,1535,0.1267,0.8733
246,161,1536,0.1266,0.8734
246,161,1537,0.1265,0.8735
247,161,1537,0.127,0.873
247,161,1538,0.1269,0.8731
247,161,1539,0.1269,0.8731
247,161,1540,0.1268,0.8732
247,161,1541,0.1267,0.8733
247,161,1542,0.1267,0.8733
248,161,1542,0.1271,0.8729
248,162,1542,0.127,0.873
248,162,1543,0.127,0.873
248,162,1544,0.1269,0.8731
248,163,1544,0.1269,0.8731
249,163,1544,0.1273,0.8727
249,163,1545,0.1272,0.8728
249,163,1546,0.1272,0.8728
249,163,1547,0.1271,0.8729
249,163,1548,0.127,0.873
249,163,1549,0.127,0.873
249,163,1550,0.1269,0.8731
249,163,1551,0.1268,0.8732
249,163,1552,0.1268,0.8732
249,163,1553,0.1267,0.8733
249,163,1554,0.1267,0.8733
249,163,1555,0.1266,0.8734
249,163,1556,0.1265,0.8735
249,163,1557,0.1265,0.8735
249,163,1558,0.1264,0.8736
249,163,1559,0.1263,0.8737
249,163,1560,0.1263,0.8737
250,163,1560,0.1267,0.8733
250,163,1561,0.1266,0.8734
250,163,1562,0.1266,0.8734
250,163,1563,0.1265,0.8735
250,163,1564,0.1265,0.8735
250,163,1565,0.1264,0.8736
250,163,1566,0.1263,0.8737
250,163,1567,0.1263,0.8737
250,163,1568,0.1262,0.8738
250,163,1569,0.1261,0.8739
250,163,1570,0.1261,0.8739
250,163,1571,0.126,0.874
250,163,1572,0.1259,0.8741
251,163,1572,0.1264,0.8736
251,163,1573,0.1263,0.8737
251,163,1574,0.1263,0.8737
251,163,1575,0.1262,0.8738
251,163,1576,0.1261,0.8739
251,163,1577,0.1261,0.8739
251,163,1578,0.126,0.874
251,163,1579,0.1259,0.8741
251,163,1580,0.1259,0.8741
251,163,1581,0.1258,0.8742
251,163,1582,0.1258,0.8742
251,163,1583,0.1257,0.8743
251,163,1584,0.1256,0.8744
251,163,1585,0.1256,0.8744
251,163,1586,0.1255,0.8745
251,163,1587,0.1254,0.8746
251,163,1588,0.1254,0.8746
251,163,1589,0.1253,0.8747
251,163,1590,0.1252,0.8748
251,163,1591,0.1252,0.8748
251,163,1592,0.1251,0.8749
251,163,1593,0.1251,0.8749
251,163,1594,0.125,0.875
251,163,1595,0.1249,0.8751
251,163,1596,0.1249,0.8751
251,163,1597,0.1248,0.8752
251,163,1598,0.1248,0.8752
251,163,1599,0.1247,0.8753
251,163,1600,0.1246,0.8754
251,163,1601,0.1246,0.8754
251,163,1602,0.1245,0.8755
251,163,1603,0.1244,0.8756
251,163,1604,0.1244,0.8756
251,163,1605,0.1243,0.8757
251,163,1606,0.1243,0.8757
251,163,1607,0.1242,0.8758
251,163,1608,0.1241,0.8759
251,163,1609,0.1241,0.8759
251,163,1610,0.124,0.876
251,163,1611,0.124,0.876
251,163,1612,0.1239,0.8761
251,163,1613,0.1238,0.8762
251,164,1613,0.1238,0.8762
251,164,1614,0.1237,0.8763
